group,library,record,title,path
1,splib06,6858,Plastic_Tarp GDS339 Green W1R1Fa,group.1um/organic_green_plastic_tarp_1um
1,sprlb06,744,Hematite.02+Quartz.98 GDS76 W1R1Ha,group.1um/fe3+_hematite.fine.gr.gds76
1,sprlb06,882,Goethite WS222 <250um MedGrn W1R1H_ AREF,group.1um/fe3+_goethite.medgr.ws222
1,splib06,5736,Goethite0.02+Quartz GDS240 W1R1Ba,group.1um/fe3+_goethite+qtz.medgr.gds240
1,splib06,1878,Goethite MPCMA2-B FineGr adj W1R1Bb,group.1um/fe3+_goethite.fingr.mpcma2
1,sprlb06,852,Goethite MPCMA2-C M-Crsgrad2 W1R1Hb AREF,group.1um/fe3+_goethite.medcoarsegr.mpcma2
1,sprlb06,894,Goethite WS222 coarse grain W1R1H_,group.1um/fe3+_goethite.coarsegr.ws222
1,splib06,6168,Goethite_Thin_Film WS222 W1R1Ba,group.1um/fe3+_goethite.thincoat
1,splib06,5730,Goeth+qtz.5+Jarosite.5 AMX11 W1R1BbS,group.1um/fe3+_goeth+jarosite
1,sprlb06,738,Hematite GDS27 W1R1Ha,group.1um/fe3+_hematite.med.gr.gds27
1,splib06,6198,Hematite_Thin_Film GDS27 W1R1Ba,group.1um/fe3+_hematite.thincoat
1,splib06,2100,Hematite FE2602 W1R1Bb,group.1um/fe3+_hematite.fine.gr.fe2602
1,sprlb06,906,Hematite WS161 W1R1Hb,group.1um/fe3+_hematite.fine.gr.ws161
1,sprlb06,840,Hematite_Coatd_Qtzt BR93-25A W1R1Hb AREF,group.1um/fe3+_hematite.lg.gr.br25a
1,splib06,6174,Hematite_Coatd_Qtz BR93-25B W1R1Bb,group.1um/fe3+_hematite.med.gr.br25b
1,sprlb06,816,Hematite_Coatd_Qtzt BR93-25C W1R1Hb AREF,group.1um/fe3+_hematite.lg.gr.br25c
1,splib06,3468,Nanohematite BR93-34B2 W1R1BbS,group.1um/fe3+_hematite.nano.BR34b2
1,sprlb06,1026,nHematit+fg-Goethit 34B2+MPC W1R1Hb,group.1um/fe3+_hematite-nano+goethite-fg-amix
1,sprlb06,918,Nanohematite FBR93-34B2b ed1 W1R1Hb,group.1um/fe3+_hematite.nano.BR34b2b
1,sprlb06,822,Hematite_Coatd_Qtz BR93-34C W1R1Ha AREF,group.1um/fe3+_hematite.lg.gr.br34c
1,sprlb06,732,Lepidocrosite GDS80 (Syn) W1R1Hb,group.1um/fe3+_goethite.lepidocrosite
1,sprlb06,1170,Hematite-nano_KP58610 400nm r06av95a=a,group.1um/fe3+_hematite.nano.KP58610
1,sprlb06,1182,Hematite-n0.03_KP58610+Qtz r06av95a=a,group.1um/fe3+_hematite.nano-0.3+qtz
1,sprlb06,1194,Goethite-nano_KP943 70nm r06av95a=a,group.1um/fe3+_goethite.nano-70nm
1,sprlb06,1200,Goethite-n0.50_KP943+Qtz r06av95a=a,group.1um/fe3+_goethite.nano0.5+qtz
1,sprlb06,1224,Hematite.10+Goethite.90 hg1 r06av95a=a,group.1um/fe3+_hematite.1+goethite.9hg1
1,sprlb06,1230,Hematite.20 Goethite.80 hg2 r06av95a=a,group.1um/fe3+_hematite.2+goethite.8hg2
1,sprlb06,1236,Hematite.30 Goethite.70 hg3 r06av95a=a,group.1um/fe3+_hematite.3+goethite.7hg3
1,sprlb06,1332,Hematite0.1+Goeth0.4+Qtz.5 r06av95a=aa,group.1um/fe3+_hematite.1+goeth.4+qtz
1,sprlb06,1338,Hematite0.4+Goeth0.1+Qtz.5 r06av95a=a,group.1um/fe3+_hematite.4+goeth.1+qtz
1,splib06,6042,Pyrite LV95-6A Weath on Tail W1R1Bb,group.1um/sulfide_pyrite
1,splib06,4476,Schwertmannite BZ93-1 W1R1Bb,group.1um/fe3+_sulfate_schwertmannite
1,splib06,6144,Blck_Mn_Coat_Tailngs LV95-3 W1R1Bb,group.1um/Mn-Coating
1,splib06,5316,Acid_Mine_Dr Assemb1-Fe3+ W1R1Fb,group.1um/fe3+mix_AMD.assemb1
1,splib06,5322,Acid_Mine_Dr Assemb2-Fe3+ W1R1Fb,group.1um/fe3+mix_AMD.assemb2
1,splib06,390,Ammonio-Jarosite SCR-NHJ s06av95a=,group.1um/fe3+_sulfate_nh3jarosite
1,splib06,2514,"Jarosite GDS100 Na,Sy 90C s06av95a=a",group.1um/fe3+_sulfate_jarosite-na-gds100
1,splib06,2526,"Jarosite GDS101 Na,Sy 200C s06av95a=a",group.1um/fe3+_sulfate_jarosite-na-gds101
1,splib06,2550,Jarosite GDS98 K 90C Syn s06av95a=a,group.1um/fe3+_sulfate_jarosite-k-90c
1,splib06,2568,Jarosite GDS99 K 200C Syn W1R1BaS,group.1um/fe3+_sulfate_kjarosite200
1,splib06,2586,Jarosite JR2501 (K) s06av95a=b,group.1um/fe3+_sulfate_jarosite-K-JR2501
1,splib06,2592,Jarosite NMNH95074-1 (Na) s06av95a=b,group.1um/fe3+_sulfate_jarosite-na-nmnh
1,splib06,2604,"Jarosite SJ-1 H3O,10-20% s06av95a=b",group.1um/fe3+_sulfate_jarosite-H3O-SJ-1
1,splib06,6210,Jarosite_on_Qtzite BR93-34A2 W1R1Bb,group.1um/fe3+_sulfate_jarosite_br34a2
1,splib06,6204,Jarosite_Thin_Film GDS243 s06av95a=b,group.1um/fe3+_sulfate_jarosite-thinfilm
1,splib06,5634,Chlorite+Muscovite CU93-65A W1R1Ba,group.1um/fe2+_chlor+muscphy
1,sprlb06,900,Goethite CU91-252 coatedchip W1R1H_,group.1um/fe2+_goeth+musc
1,splib06,5604,Chlor+Goethite CU93-4B Phyl W1R1Ba,group.1um/fe2+fe3+_chlor+goeth.propylzone
1,splib06,1446,Cummingtonite HS294.3B W1R1Bc,group.1um/fe2+generic_nrw.cummingtonite
1,splib06,72,Actinolite NMNHR16485 W1R1Bb,group.1um/fe2+generic_nrw.actinolite
1,splib06,42,Actinolite HS22.3B W1R1Bb,group.1um/fe2+generic_nrw.hs-actinolite
1,splib06,2334,Hypersthene NMNHC2368 W1R1Bb,group.1um/fe2+_pyroxene.hypersthene
1,splib06,1548,Diopside NMNHR18685 ~160 Pyx W1R1Bb,group.1um/fe2+_pyroxene.diopside
1,splib06,2502,Jadeite HS343.3B W1R1Bb,group.1um/fe2+generic_med.jadeite
1,splib06,3966,Pigeonite HS199.3B W1R1Bb,group.1um/fe2+_pyroxene_clino_pigeonite
1,splib06,1668,Epidote GDS26.a 75-200um W1R1Bb,group.1um/epidote
1,splib06,5724,Fe-Hydroxide SU93-106 amorph W1R1Bb,group.1um/fe3+bearing1
1,splib06,1740,"Ferrihydrite GDS75 Syn, F6 W1R1Bb",group.1um/fe3+_ferrihydrite
1,splib06,3558,Nontronite NG-1.a W1R1Bb,group.1um/fe3+_smectite_nontronite
1,splib06,5328,Actinolite-Hornfels BR93-5a W1R1Bc,group.1um/fe2+generic_brd.br5a_actinolite
1,sprlb06,846,Magnetite_skarn BR93-5B W1R1Hb AREF,group.1um/fe2+fe3+mix_with_hematite_br5b
1,splib06,5334,Actinolite-Tremolit BR93-22C W1R1Bb,group.1um/fe2+generic_brd.br22c_actinolite
1,splib06,1656,Epidote BR93-33a W1R1Bb AREF,group.1um/fe2+generic_br33a_bioqtzmonz_epidote
1,splib06,5490,Biotite-Chlorite_Mx BR93-36A W1R1Bb,group.1um/fe2+generic_brd.br36a_chlorite
1,splib06,5460,Basalt_weathered BR93-43 W1R1Bb,group.1um/fe2+fe3+_hematite_weathering
1,splib06,5454,Basalt_fresh BR93-46B W1R1Bb,group.1um/fe2+generic_basalt_br46b
1,splib06,5340,Actinolite_Dolomit BR93-60B W1R1BbS,group.1um/fe2+generic_broad_br60b
1,splib06,6036,Phlogopite_Sand_Mix BR93-20 W1R1Ba,group.1um/fe2+generic_vbroad_br20
1,splib06,6942,Renyolds_TnlSldgWet SM93-15w W1R1Ba,group.1um/fe2+fe3+_water_RTsludge
1,sprlb06,660,Clinochlore GDS158 Flagst W1R1Hb,group.1um/fe2+_chlorite.clinochlor
1,splib06,1200,Clinochlore NMNH83369 W1R1Bb,group.1um/fe2+_chlorite.Felow.clinochlor
1,splib06,4890,Thuringite SMR-15.c 32um W1R1Ba,group.1um/fe2+_chlorite.thuringite
1,splib06,720,Azurite WS316 W1R1Ba,group.1um/copper_carbonate_azurite
1,splib06,3990,Pitch_Limonite GDS104 Cu W1R1B?,group.1um/fe3+copper-hydroxide_pitchlimonite
1,splib06,2964,Malachite HS254.3B W1R1Bb,group.1um/copper_carbonate_malachite
1,splib06,5496,Blue_Efflorscnt_Min SU93-300 W1R1Bb,group.1um/copper_sulfate_bluefflor
1,splib06,6594,Green_Slime SM93-14A Summitv W1R1Ba,group.1um/copper_precipitate_greenslime
1,splib06,3696,Olivine HS285.4B Fo80 W1R1Bb,group.1um/fe2+_olivine-lrg-gr
1,splib06,3666,Olivine GDS71.a Fo91 65um W1R1Bb,group.1um/fe2+_olivine-fine-gr
1,splib06,4278,Rhodochrosite HS338.3B W1R1Bb,group.1um/carbonate_rhodochrosite
1,splib06,4560,Siderite HS271.3B W1R1Ba,group.1um/fe2+generic_carbonate_siderite1
1,splib06,4362,Riebeckite NMNH122689 Amph W1R1Ba,group.1um/fe2+generic_amphibole_riebeckite
1,splib06,1386,Coquimbite GDS22 W1R1Bc,group.1um/fe3+fe2+_sulfate_coquimbite
1,splib06,1374,Copiapite GDS21 W1R1Bb,group.1um/fe3+fe2+_sulfate_copiapite
1,splib06,1134,Chrysocolla HS297.3B W1R1Bb,group.1um/copper_chrysocolla
1,splib06,3498,Neodymium_Oxide GDS34 W1R1Ba,group.1um/ree_neodymium_oxide_g1
1,splib06,4410,Samarium_Oxide GDS36 W1R1Ba,group.1um/ree_samarium_oxide_g1
1,splib06,708,Axinite HS342.3B W1R1Bb,group.1um/fe2+generic_axinite
1,splib06,4728,Staurolite HS188.3B W1R1Bb,group.1um/fe2+generic_staurolite
1,splib06,216,Almandine WS479 Garnet W1R1Bb,group.1um/fe2+generic_almandine
1,splib06,678,Augite NMNH120049 W1R1Bb,group.1um/fe2+_pyroxene_augite
1,splib06,810,Bronzite HS9.3B Pyroxene W1R1Bc,group.1um/fe2+_pyroxene.bronzite
1,splib06,858,Butlerite GDS25 W1R1Ba,group.1um/fe2+generic_sulfate_butlerite
1,splib06,882,Bytownite HS106.3B Plagio W1R1Bc,group.1um/fe2+_feldspar.bytownite
1,splib06,1002,Chalcopyrite HS431.3B W1R1Bb,group.1um/sulfide_copper_chalcopyrite
1,splib06,1122,Chromite HS281.3B W1R1Bb,group.1um/fe2+_chromite
1,splib06,1164,Cinnabar HS133.3B W1R1Bc,group.1um/sulfide_cinnabar
1,splib06,1458,Cuprite HS127.3B W1R1Bb,group.1um/copper_oxide_cuprite
1,splib06,6156,Desert_Varnish GDS141 W1R1Ba,group.1um/fe3+mn_desert.varnish1
1,splib06,6162,Desert_Varnish GDS78A Rhy W1R1Ba,group.1um/fe3+mn_desert.varnish2
1,splib06,1644,Enstatite NMNH128288 W1R1Bc,group.1um/fe2+_pyroxene_enstatite
1,splib06,2088,Hedenbergite NMNH119197 W1R1Bb,group.1um/fe2+_pyroxene_hedenbergite
1,splib06,2796,Lazurite HS418.3B W1R1Bb,group.1um/sulfate_lazurite
1,splib06,2928,Maghemite GDS81 Syn (M-3) W1R1Bb,group.1um/fe3+_maghemite
1,splib06,2940,Magnetite HS195.3B W1R1Bb,group.1um/magnetite
1,splib06,4158,Pyrolusite HS138.3B W1R1Bb,group.1um/mn_oxide_pyrolusite
1,splib06,3042,Microcline HS103.3B Feldspar W1R1Bc,group.1um/fe2+_feldspar_microcline
1,splib06,132,Albite HS143.3B Plagioclase W1R1Bc,group.1um/fe2+_feldspar_albite
1,splib06,3852,Orthoclase NMNH142137 Fe W1R1Bb,group.1um/fe2+_feldspar_orthoclase
1,splib06,3882,Pectolite NMNH94865.a W1R1Bb,group.1um/inosilicate_pectolite
1,splib06,4314,Rhodonite NMNHC6148 >250um W1R1Bb,group.1um/mn2+_rhodonite
1,splib06,4776,Sulfur GDS94 Reagent W1R1Ba,group.1um/sulfur
2,splib06,7128,Dry_Long_Grass AV87-2 W1R1Ba,group.2um/organic_vegetation-dry-grass-long
2,splib06,7248,Grass_Golden_Dry GDS480 W1R1Fa,group.2um/organic_vegetation-dry-grass-golden
2,splib06,6912,Plywood GDS365 Fresh Pine W1R1Fa,group.2um/organic_vegetation-dry-wood
2,splib06,6864,Plastic_Tarp GDS340 Blu_Wovn W1R1Fa,group.2um/organic_plastic-tarp1
2,splib06,6876,Plastic_Vinyl GDS372 White W1R1Fa,group.2um/organic_plastic-vinyl
2,splib06,6558,Fiberglass GDS337 Grn Roofng W1R1Fa,group.2um/organic_fiberglass-roofing
2,splib06,6936,Polystyrene GDS345 BluInsul W1R1Fa,group.2um/organic_plastic-polystyrene
2,splib06,6816,Plastic_PETE GDS380 Clear W1R1Fa,group.2um/organic_plastic-pete
2,splib06,6810,Plastic_PETE GDS379 TrnslBrn W1R1Fa,group.2um/organic_plastic-pete2
2,splib06,6714,Plastic_HDPE GDS393 GlosWhTr W1R1Fa,group.2um/organic_plastic-hdpe.1
2,splib06,6672,Painted_Aluminum GDS333 LgGr W1R1Fa,group.2um/organic_paint-1
2,splib06,6834,Plastic_PETE GDS383 Clrbluis W1R1Fa,group.2um/organic_plastic-pete3
2,splib06,6810,Plastic_PETE GDS379 TrnslBrn W1R1Fa,group.2um/organic_plastic-pete4
2,splib06,300,Alunite GDS97 K Syn (150C) W2R4Na,group.2um/sulfate_kalun150c
2,splib06,294,Alunite GDS96 K Syn (250C) W2R4Na,group.2um/sulfate_kalun250c
2,splib06,324,Alunite RES-2 K Syn (450C) W2R4Na,group.2um/sulfate_kalun450c
2,splib06,288,Alunite GDS95 Na Syn (150C) W2R4Na,group.2um/sulfate_naalun150c
2,splib06,336,Alunite RES-4 Na Syn (300C) W2R4Na,group.2um/sulfate_naalun300c
2,splib06,330,Alunite RES-3 Na Syn (450C) W2R4Na,group.2um/sulfate_naalun450c
2,splib06,246,Alunite GDS82 Na82 W1R1Bb,group.2um/sulfate_na82alun100c
2,splib06,5382,Alunite+Dickite MV99-6-26b W1R1Fc,group.2um/sulfate+kaolingrp_natroalun+dickite
2,splib06,252,Alunite GDS83 Na63 W1R1Bb,group.2um/sulfate_na63alun300c
2,splib06,342,Alunite RES-9 Summitv (400C) W2R4Nb,group.2um/sulfate_na40alun400c
2,splib06,276,Alunite GDS84 Na03 W2R4Na,group.2um/sulfate_alunNa03
2,splib06,348,Alunite RES10 NA56% Syn 450C W2R4Na,group.2um/sulfate_alunNa56450c
2,splib06,354,Alunite RES12 NA78% Syn 450C W2R4NaIS,group.2um/sulfate_alunNa78.450c
2,splib06,5394,Alunite0.35K+.65Na CU91-217H W2R4Nb,group.2um/sulfate_alun35K65Na.low
2,splib06,5418,Alunite0.73K+.27Na CU91-217D W2R4Na,group.2um/sulfate_alun73K27Na.low
2,splib06,5412,Alunite0.66K+.34Na CU91-217A W2R4Nb,group.2um/sulfate_alun66K34Na.low
2,splib06,5976,Muscovite CU91-250A med Al W2R4NbS,group.2um/micagrp_muscovite-med-Al
2,sprlb06,1038,Calcite.33+Kaol.33+Mus AMXr2 W1R1Ba,group.2um/calcite.33+kaol.33+mus-AMXr2
2,sprlb06,654,Muscovite GDS113 Ruby >37um W1R1Hb,group.2um/micagrp_muscovite-medhigh-Al
2,splib06,3876,Paragonite GDS109 W1R1Ba,group.2um/micagrp_paragonite
2,sprlb06,714,Illite IMt-1.b <2um W1R1BaS,group.2um/micagrp_illite
2,sprlb06,726,Illite GDS4.2 Marblehead_WI W1R1H_,group.2um/micagrp_illite.gds4
2,splib06,3306,Muscovite CU93-1 low-Al Phyl W2R4Nb,group.2um/micagrp_muscovite-low-Al
2,splib06,3372,Muscovite GDS116 Tanzania W1R1Ba,group.2um/micagrp_muscoviteFerich
2,sprlb06,606,Kaolinite CM9 (wxl) W1R1Hb,group.2um/kaolgrp_kaolinite_wxl
2,sprlb06,672,Kaolinite KGa-2 (pxl) W1R1Hb,group.2um/kaolgrp_kaolinite_pxl
2,sprlb06,684,Halloysite NMNH106237 W1R1Ha,group.2um/kaolgrp_halloysite
2,splib06,3462,Nacrite GDS88 s06crj3a=c,group.2um/kaolgrp_nacrite
2,sprlb06,708,Dickite NMNH106242 W1R1Bb,group.2um/kaolgrp_dickite
2,sprlb06,618,Gypsum HS333.3B (Selenite) W1R1Ha,group.2um/sulfate_gypsum
2,splib06,5868,Kaolin_Smect H89-FR-2 .5Kaol W1R1Bb,group.2um/kaolin.5+smect.5
2,splib06,5880,Kaolin_Smect H89-FR-5 .3Kaol W1R1Bb,group.2um/kaolin.3+smect.7
2,sprlb06,588,Montmorillonite SWy-1 W1R1Hb,group.2um/smectite_montmorillonite_na_highswelling
2,sprlb06,54,Montmorillonite_Fe GDS759A,group.2um/smectite_montmorillonite_fe_swelling
2,sprlb06,600,Montmorillonite SAz-1 W1R1Hb,group.2um/smectite_montmorillonite_ca_swelling
2,sprlb06,60,HyBasaltGlassMLUT03-9CMarP&T,group.2um/sioh_hydrated_basaltic_glass
2,sprlb06,66,Kieserite Batch4 GDS671,group.2um/sulfate_kieserite
2,sprlb06,150,Szomolnokite NMNH104303 UT,group.2um/sulfate_szomolnokite
2,sprlb06,192,Szomolnokite GDS874 Heat275C,group.2um/sulfate_szomolnokite_heated
2,splib06,798,Bloedite GDS147 s06crj3a=a,group.2um/sulfate-bloedite
2,sprlb06,96,Perchlorate_Mg GDS851.2 220K,group.2um/perchlorate_mg
2,sprlb06,144,Perchlorate_Na GDS857 230C r06crj3a=_,group.2um/perchlorate_na
2,splib06,5466,Beidellite+Montmor GDS123 =b,group.2um/smectite_beidellite_gds123
2,splib06,5478,Beidellite+Montmor GDS124 =b,group.2um/smectite_beidellite_gds124
2,splib06,990,Chalcedony CU91-6A W1R1Ba,group.2um/sioh_chalcedony
2,splib06,1488,Diaspore HS416.3B W1R1Bb,group.2um/hydroxide_diaspore
2,splib06,4188,Pyrophyllite PYS1A fine gr W1R1Ba,group.2um/pyrophyllite
2,splib06,6054,Pyrophyl.25+wxlKaol.75 AMX17,group.2um/kaol.75+pyroph.25
2,splib06,6060,Pyrophyl.50+Ca-Mont.50 AMX16 W1R1Ba,group.2um/pyroph.5+mont0.5
2,splib06,5358,Alun366+.50PyroPYS1A GDS222 W1R1Bb,group.2um/pyroph.5+alunit.5
2,splib06,5370,Alunite+Pyrophyl SD1093A W1R1Bb,group.2um/alunite+pyrophyl
2,splib06,6048,Pyrophyl+Muscovite JH_PYRM1 W1R1Fb,group.2um/pyroph+tr.musc
2,splib06,5988,Muscovite+Pyrophyl JH_PYRP1 W1R1Fb,group.2um/musc+pyroph
2,splib06,5352,Alun0.3+Musc0.4+Pyro0.3 AMX1 W1R1Ba,group.2um/alunite+musc+pyroph
2,splib06,5406,Alunite0.5+Kaol_KGa-1 AMX3 W1R1Bb,group.2um/alunite.5+kaol.5
2,splib06,5910,Kaolwxl.75+Alun_HS295 AMX14 W1R1Bb,group.2um/kaol.75+alun.25
2,splib06,5820,Kalun+kaol+gth mv2-ar3 W1R1Fb,group.2um/Kalun+kaol.intmx
2,splib06,5364,Alun_Na+Kaol+Hemat MV00-11a W1R1Fc,group.2um/Na-alun+kaol.intmx
2,splib06,5832,Kaol.5+MuscCU91-250A AMX13 W1R1Bb,group.2um/kaolin.5+muscov.medAl
2,splib06,5838,Kaol_Wxl+0.5Musc_Ruby AMX12 W1R1Ba,group.2um/kaolin.5+muscov.medhighAl
2,sprlb06,870,Kaol+Musc_intimate CU93-5C W1R1Ha AREF,group.2um/kaolin+musc.intimat
2,sprlb06,876,Muscov+Jaros CU93-314 coatng W1R1Hb,group.2um/musc+jarosite.intimat
2,splib06,5748,Gyp+jar+ill BRCM1 Marysvale W1R1Fb,group.2um/sulfate-mix_gypsum+jar+illite.intmix
2,splib06,5766,Gyp.5+Kjar.3+hAlmsc.2 AMX24 W1R1Ba,group.2um/sulfate-mix_gyp+jar+musc.amix
2,splib06,5760,Gyp.4+jr20+msc.2+dic.2 AMX23 W1R1Ba,group.2um/sulfate-mix_gyp+jar+musc+dick.amix
2,splib06,5754,Gyp.3+jr.1+msc.4+dic.2 AMX22 W1R1Ba,group.2um/musc+gyp+jar+dick.amix
2,splib06,5670,Dic.4+msc.3+gyp.2+jr.1 AMX20 W1R1Ba,group.2um/dick+musc+gyp+jar.amix
2,splib06,5388,Alunite.5+MuscCU91-250A AMX4 W1R1Ba,group.2um/alunite.5+musc.5
2,splib06,5346,Alun.33+Kaol.33+Musc.33 AMX2 W1R1Ba,group.2um/alunite.33+kaol.33+musc.33
2,splib06,5982,Muscovite+Chlorite CU91-253D W2R4Na,group.2um/muscovite+chlorite
2,sprlb06,786,Ammonio-Illite/Smectit GDS87 W1R1Hb,group.2um/smectite_ammonillsmec
2,splib06,846,Buddingtonite GDS85 D-206 W1R1Bb,group.2um/feldspar_buddingtonite_ammonium
2,splib06,5502,Buddingtnt+Na-Mont CU93-260B W2R4Nb,group.2um/feldspar_buddington.namont
2,splib06,5502,Buddingtnt+Na-Mont CU93-260B W2R4Nb,group.2um/feldspar_buddington.namont2
2,splib06,5436,Alunite_NH4+Jaro NMNH145596A W1R1Bb,group.2um/sulfate_ammonalunite
2,splib06,390,Ammonio-Jarosite SCR-NHJ W1R1Ba,group.2um/sulfate_ammonjarosite
2,sprlb06,612,Dolomite HS102.3B W1R1Hb,group.2um/carbonate_dolomite
2,splib06,72,Actinolite NMNHR16485 W1R1Bb,group.2um/actinolite
2,splib06,402,Amphibole NMNH78662 W1R1Bb,group.2um/amphibole
2,splib06,774,Biotite HS28.3B W1R1Bb,group.2um/micagrp_biotite
2,sprlb06,912,Biotite-phlogopite P23-5 Sam W1R1H_,group.2um/micagrp_biotite-phlogopite
2,splib06,5664,Chlorite_Serpentine BR93-22B W1R1Bb,group.2um/chlorite-skarn
2,splib06,1080,Chlorite SMR-13.b 60-104um W1R1Ba,group.2um/chlorite
2,sprlb06,252,Prehnite+.50Chlorite AMIX,group.2um/prehnite+.50chlorite
2,sprlb06,258,Prehnite+.67Chlorite AMIX,group.2um/prehnite+.67chlorite
2,sprlb06,264,Prehnite+.75Chlorite AMIX,group.2um/prehnite+.75chlorite
2,sprlb06,276,Aragonite GDS898 Moracco,group.2um/carbonate_aragonite
2,sprlb06,660,Clinochlore GDS158 Flagst W1R1Hb,group.2um/chlorite_clinochlore
2,splib06,1212,Clinochlore NMNH83369 =bb,group.2um/chlorite_clinochlore.nmnh83369
2,sprlb06,648,Clinochlore_Fe GDS157.b W1R1Ha,group.2um/chlorite_clinochlore.fe.gds157
2,splib06,1260,Clinochlore_Fe SC-CCa-1.b =aa_,group.2um/chlorite_clinochlore.fe.sc-cca-1
2,splib06,1338,Cookeite CAr-1.a 104-150um =bb_,group.2um/chlorite_cookeite-car-1.a
2,splib06,1368,Cookeite CAr-1.c <30um =cc_,group.2um/chlorite_cookeite-car-1.c
2,splib06,4872,Thuringite SMR-15.b 32um W1R1Ba,group.2um/chlorite_thuringite
2,splib06,1668,Epidote GDS26.a 75-200um W1R1Bb,group.2um/epidote
2,splib06,2274,Hornblende_Fe HS115.3B W1R1Bc,group.2um/hornblende
2,splib06,2538,Jarosite GDS24 Na W1R1Bb,group.2um/sulfate_jarosite-Na
2,splib06,2568,Jarosite GDS99 K 200C Syn W1R1Ba,group.2um/sulfate_jarosite-K
2,splib06,2604,"Jarosite SJ-1 H3O,10-20% W1R1Bb",group.2um/sulfate_jarosite-lowT
2,splib06,3930,Phlogopite HS23.3B W1R1Bb,group.2um/phlogopite
2,splib06,5142,Tremolite HS18.3 W1R1Bc,group.2um/tremolite.or.talc
2,splib06,4800,Talc GDS23 74-250um fr W1R1Ba,group.2um/talc.crsgrnd
2,splib06,4830,Talc WS659 W1R1Bb,group.2um/talc.fngrnd
2,splib06,5538,Calcite+Talc PC99-1G W1R1Fc,group.2um/talc+calcite.parkcity
2,splib06,5682,Dolomit+Calcite+Talc PC99-1E W1R1Fc,group.2um/talc+carbonate.parkcity
2,splib06,5568,Calcite.8+Ca-Montmor.2 AMX15 W1R1BbS,group.2um/carbonate_calcite+0.2Ca-mont
2,splib06,5922,Magnesite+Hydroma HS47.3B W1R1Ba,group.2um/carbonate_magnesite
2,sprlb06,666,Calcite WS272 W1R1Ha,group.2um/carbonate_calcite
2,splib06,5532,Calcite+Dolomite.5 AMX8 W1R1Bb,group.2um/carbonate_calcite+dolomite.5
2,splib06,5694,Dolomite.50+Ca-Montmor AMX10 W1R1Bb,group.2um/carbonate_dolo+.5ca-mont
2,splib06,5514,Calc.25+dolo.25+mont.5 AMX18 W1R1Bb,group.2um/calcite.25+dolom.25+Na-mont.5
2,splib06,5508,Calc.25+Dolo.25+Ca-Mon AMX7 W1R1Bb,group.2um/carbonate_calcite.25+dolom.25+Ca-mont.5
2,splib06,4560,Siderite HS271.3B W1R1Ba,group.2um/carbonate_siderite
2,splib06,3558,Nontronite NG-1.a W1R1Bb,group.2um/smectite_nontronite_swelling
2,sprlb06,696,Hectorite SHCa-1.Ac-B W1R1Hb,group.2um/clay_hectorite
2,sprlb06,702,Saponite SapCa-1.AcB W1R1Hb,group.2um/saponite.or.talc
2,sprlb06,690,Sepiolite SepNev-1.AcB W1R1Ha,group.2um/sepiolite
2,splib06,5574,Calcite.80+Mont_Swy-1 GDS212 W1R1Ba,group.2um/calcite+0.2Na-mont
2,splib06,5526,Calcite+.50Ca-Mont AMX6 W1R1Bb,group.2um/calcite+0.5Ca-mont
2,splib06,5520,Calcite+.33Muscov AMX5 Ruby W1R1Ba,group.2um/carbonate_calcite+0.3muscovite
2,sprlb06,30,Grass_dry+0.17%Na-Mont AMX35 W1R1Ba AREF,group.2um/organic_drygrass+.17Na-mont
2,splib06,5688,Dolomite.5+Na-mont.5 AMX21 W1R1Bb,group.2um/carbonate_dolomite.5+Na-mont.5
2,splib06,5544,Calcite.33+Ca-mont.67 AMX19 W1R1Bb,group.2um/carbonate_smectite_calcite.33+Ca-mont.67
2,splib06,5580,Calcite.80wt+Kaol_CM9 GDS213 W1R1Ba,group.2um/carbonate_calcite+0.2kaolwxl
2,splib06,5562,Calcite.7+Kaolwxl.3 AMX9 W1R1Ba,group.2um/carbonate_calcite0.7+kaol0.3
2,splib06,1314,Clintonite NMNH126553 W1R1Bc,group.2um/phyllosilicate.clintonite
2,splib06,3870,Palygorskite PFL-1 Attapulg W1R1Bb,group.2um/palygorskite
2,splib06,5298,Zoisite HS347.3B W1R1Bb,group.2um/zoisite
2,splib06,1626,Elbaite NMNH94217-1.c <74 W1R1Bb,group.2um/elbaite
2,splib06,1824,Gibbsite WS214 W1R1Bb,group.2um/hydroxide_gibbsite
2,splib06,3546,Niter GDS43 (K-Saltpeter) W1R1Ba,group.2um/nitrate_niter
2,splib06,5040,Topaz Mt._Antero_#5 W1R1Bb,group.2um/topaz
2,splib06,4278,Rhodochrosite HS338.3B W1R1Bb,group.2um/carbonate_rhodochrosite
2,splib06,5268,Witherite HS273.3B W1R1Ba,group.2um/carbonate_witherite
2,splib06,4026,Prehnite GDS613.a <60um =aa_,group.2um/prehnite
2,splib06,3126,"Mizzonite BM1931,12 Scapolte W1R1Bc",group.2um/prehnite+muscovite
2,splib06,3978,Pinnoite NMNH123943 W1R1Ba,group.2um/borate_pinnoite
2,splib06,3996,Polyhalite NMNH92669-4 W1R1Ba,group.2um/polyhalite
2,splib06,4368,Rivadavite NMNH170164 Amph W1R1Ba,group.2um/rivadavite
2,splib06,2298,Howlite GDS155 W1R1Ba,group.2um/howlite
2,splib06,5190,Ulexite HS441.3B W1R1Ba,group.2um/ulexite
2,splib06,6114,White_Crust LV30 starkeyite W1R1Fc,group.2um/white.crust.starkeyite
2,splib06,414,Analcime GDS1 Zeolite W1R1Ba,group.2um/zeolite_analcime
2,splib06,834,Brucite HS247.3B W1R1Bc,group.2um/hydroxide_brucite
2,splib06,942,Carnallite NMNH98011 W1R1Bb,group.2um/chloride_carnallite
2,splib06,1320,Colemanite GDS143 W1R1Bb,group.2um/borate_colemanite
2,splib06,1470,Datolite HS442.3B W1R1Bb,group.2um/datolite
2,splib06,2310,Hydrogrossular NMNH120555 W1R1Bb,group.2um/hydrogrossular
2,splib06,2862,Lepidolite NMNH88526-1 W1R1Ba,group.2um/micagrp_lepidolite
2,splib06,2976,Margarite GDS106 W1R1Bc,group.2um/micagrp_margarite
2,splib06,3012,Mascagnite GDS65.b (fr) W1R1Ba,group.2um/sulfate_mascagnite
2,splib06,3114,Mirabilite GDS150 Na2SO4 W1R1Ba,group.2um/sulfate_mirabilite-wet_soil
2,splib06,3474,Natrolite HS169.3B Zeolite W1R1Bb,group.2um/zeolite_natrolite
2,splib06,4338,Richterite NMNH150800 HCl W1R1Bb,group.2um/richterite
2,splib06,1152,Chrysotile ML99-12A Coar Fib W1R1Fb,group.2um/serpentine_chrysotile.coarse-fibrous
2,splib06,1158,Chrysotile ML99-12C Fine Fib W1R1Fb,group.2um/serpentine_chrysotile.med-fine-fibrous
2,splib06,1146,Chrysotile HS323.1B W1R1Ba,group.2um/serpentine_chrysotile.fine-fibrous
2,splib06,1440,Cronstedtite M3542 =bb_,group.2um/serpentine_cronstedtite
2,splib06,4380,Roscoelite EN124 W1R1Bb,group.2um/micagrp_illite.roscoelite
2,splib06,4764,Strontianite HS272.3B W1R1Bb,group.2um/carbonate_strontianite
2,splib06,4788,Syngenite GDS139 W1R1Ba,group.2um/sulfate_syngenite
2,splib06,1134,Chrysocolla HS297.3B W1R1Bb,group.2um/chrysocolla
2,splib06,720,Azurite WS316 W1R1Ba,group.2um/carbonate_azurite
2,splib06,2964,Malachite HS254.3B W1R1Bb,group.2um/carbonate_malachite
2,splib06,6522,Cyanide_Cadmium_Potassium W2R4Na RREF,group.2um/cyanide-CdK
2,splib06,6528,Cyanide_Nickel_Potassium W2R4Na RREF,group.2um/cyanide-NiK
2,splib06,6534,Cyanide_Trihydrate CT1 W1R1Ba,group.2um/cyanide-trihydrate
2,splib06,6552,Cyanide_Potassium_Ferro W1R1Ba,group.2um/cyanide-KFe
2,splib06,6540,Cyanide_Zinc_Potassium W1R1Ba,group.2um/cyanide-ZnK
2,splib06,6690,Plastic GGA-54 Grnhouse Roof W1R1Ba,group.2um/organic_plastic.grnhs.roof
2,splib06,6606,Montmorill+Benzene SWy 1ml W1R1Ba,group.2um/organic_benzene+montswy
2,splib06,6624,Montmorill+Trichlor SWy 1ml W1R1Ba,group.2um/organic_trichlor+montswy
2,splib06,6618,Montmorill+Toluene SWy .5ml W1R1Ba,group.2um/organic_toluene+montswy
2,splib06,6630,Montmorill+Unleaded_Gas SWy W1R1Ba,group.2um/organic_unleaded.gas+montswy
2,splib06,6612,Montmorill+TCE SWy saturated W1R1Ba,group.2um/organic_tce+montswy
2,splib06,5310,Zunyite GDS-241B <150um W1R1B?,group.2um/zunyite
2,splib06,7008,WTC_Dust_Debris WTC01-2 W1R1Fa,group.2um/sulfate-mix_gypsum.trace.dust+debris-WTC01-2
2,splib06,7014,WTC_Dust_Debris WTC01-28 W1R1Fa,group.2um/sulfate-mix_gypsum.trace.dust+debris-WTC01-28
2,splib06,6498,Coated_Steel_Girder WTC01-8 W1R1Fa,group.2um/chrysotile.gypsum.wtc01-8
2,splib06,4008,Portlandite GDS525 Ca(OH)2 W1R1Fa,group.2um/portlandite
2,sprlb06,234,Potassium Nitrate GDS43,group.2um/nitrate_potassium
2,sprlb06,240,Sodium Nitrate GDS883,group.2um/nitrate_sodium
2,sprlb06,624,Vermiculite GDS458 W1R1Hc,group.2um/micagrp_vermiculite_GDS458
2,sprlb06,630,Vermiculite ALB4SA00 W1R1Hc,group.2um/micagrp_vermiculite_ALB4SA00
2,sprlb06,636,Vermiculite WS682 W1R1Hc,group.2um/micagrp_vermiculite_WS682
2,sprlb06,642,Vermiculite WS681 W1R1Hc,group.2um/micagrp_vermiculite_WS681
2,sprlb06,1008,CO2+O2+CH4 TRANSM ModtranZ20 r06crj3a=,group.2um/methane-gas-2.37um-experimental
3,splib06,7260,Lawn_Grass GDS91 (Green) W1R1Ba,group.veg/vegetation.map
3,splib06,8208,Stonwll_Ply+.2grnGrass AMX34 W1R1Ba,group.veg/vegetation.weak.map
3,splib06,7614,Grass_dry.7+.3green AMX30 W1R1Ba,group.veg/vegetation.dry+green
3,splib06,7128,Dry_Long_Grass AV87-2 W1R1Ba,group.veg/vegetation.dry_nonphotosyn
4,splib06,558,Anorthite HS201.3B Plagio s06mm09c=a,group.1.5um-broad/anorthite_hs201.3b
4,splib06,882,Bytownite HS106.3B Plagio s06mm09c=c,group.1.5um-broad/bytownite_hs106.3b
4,splib06,3042,Microcline HS103.3B Feldspar s06mm09c=c,group.1.5um-broad/microcline_hs103.3b
4,splib06,2940,Magnetite HS195.3B s06mm09c=b,group.1.5um-broad/magnetite_hs195.3b.or.olivine
4,splib06,4692,Sphalerite S26-34 s06mm09c=b,group.1.5um-broad/sphalerite_s26-341_1.5um
4,splib06,4386,Rutile HS126.3B s06mm09c=c,group.1.5um-broad/rutile_hs126.3b
4,splib06,5280,Wollastonite HS348.3B s06mm09c=b,group.1.5um-broad/fe2+_wollastonite_hs348.3b
4,splib06,3684,Olivine GDS71.b Fo91 <60um s06mm09c=b,group.1.5um-broad/olivine_fo91_gds71.b
4,splib06,3618,Olivine GDS70.a Fo89 165um s06av11a=b,group.1.5um-broad/olivine_fo89_gds70.a
4,splib06,3642,Olivine GDS70.c Fo89 70um s06av11a=b,group.1.5um-broad/olivine_fo89_gds70.c
4,splib06,3654,Olivine GDS70.d Fo89 <60um s06av11a=b,group.1.5um-broad/olivine_fo89_gds70.d
4,splib06,3732,Olivine KI3054 Fo66 <60um s06av11a=b,group.1.5um-broad/olivine_fo66_ki3054
4,splib06,3756,Olivine KI3189 Fo60 <60um s06av11a=b,group.1.5um-broad/olivine_fo60_ki3189
4,splib06,3696,Olivine HS285.4B Fo80 s06crj3a=b,group.1.5um-broad/olivine_fo80_hs285
4,splib06,3780,Olivine KI3377 Fo18 <60um s06mm09c=b,group.1.5um-broad/olivine_fo18_ki3377
4,splib06,5634,Chlorite+Muscovite CU93-65A W1R1Ba,group.1.5um-broad/g4-fe2+generic_chlor+muscphy
4,sprlb06,660,Clinochlore GDS158 Flagst W1R1Hb,group.1.5um-broad/g4-fe2+generic_chlorite.clinochlor
4,splib06,5328,Actinolite-Hornfels BR93-5a W1R1Bc,group.1.5um-broad/g4-fe2+generic_brd.br5a_actinolite
4,splib06,5334,Actinolite-Tremolit BR93-22C W1R1Bb,group.1.5um-broad/g4-fe2+generic_brd.br22c_actinolite
4,splib06,6036,Phlogopite_Sand_Mix BR93-20 W1R1Ba,group.1.5um-broad/g4-fe2+generic_vbroad_br20
4,splib06,1446,Cummingtonite HS294.3B W1R1Bc,group.1.5um-broad/g4-fe2+generic_nrw.cummingtonite
5,splib06,1488,Diaspore HS416.3B W1R1Bb,group.2um-broad/diaspore
5,splib06,678,Augite NMNH120049,group.2um-broad/pyroxene.augite
5,splib06,810,Bronzite HS9.3B Pyroxene s06cr08a=c,group.2um-broad/pyroxene.bronzite
5,splib06,1644,Enstatite NMNH128288 s06cr08a=c,group.2um-broad/pyroxene.enstatite
5,splib06,2394,Hypersthene PYX02.e 34um s06cr08a=c,group.2um-broad/pyroxene.hypersthene
5,splib06,3966,Pigeonite HS199.3B s06cr08a=b,group.2um-broad/pyroxene.pigeonite
5,splib06,6258,Melting_snow mSnw1a W1R1Fa,group.2um-broad/g5-water.1a-mix
6,splib06,1716,Eugsterite GDS140 Syn s06cr08a=bb_,group.2.5um/eugsterite.2.5um.water
6,splib06,84,Alunite RES-3 Na Syn (450C) W2R4Na,group.2.5um/adularia_2.5um
6,splib06,330,Alunite RES-3 Na Syn (450C) W2R4Na,group.2.5um/naalun450c.2.5um
6,splib06,414,Analcime GDS1 Zeolite W1R1Ba,group.2.5um/analcime.2.5um
6,splib06,918,Calcite WS272 s06crj3a=aaa,group.2.5um/carbonate_calcite.2.5um
6,splib06,1578,Dolomite HS102.3B s06crj3a=bbb,group.2.5um/carbonate_dolomite.2.5um
6,splib06,5928,Magnesite+Hydroma HS47.3B s06crj3a=aa_,group.2.5um/carbonate_magnesite.2.5um
6,splib06,4566,Siderite HS271.3B s06crj3a=aa_,group.2.5um/carbonate_siderite.2.5um
6,splib06,4284,Rhodochrosite HS338.3B s06crj3a=bb_,group.2.5um/carbonate_rhodochrosite.2.5um
6,splib06,5274,Witherite HS273.3B W1R1Ba,group.2.5um/carbonate_witherite.2.5um
6,splib06,4770,Strontianite HS272.3B s06crj3a=bb_,group.2.5um/carbonate_strontianite.2.5um
7,splib06,1920,Goethite WS222 Medium Gr. s06crj3a=aa_,group.3um/goethite_3.17um
7,splib06,1932,Grossular HS113.3B-HCL s06crj3a=ccc,group.3um/grossular_3.17um
7,splib06,2532,"Jarosite GDS101 Na,Sy 200C s06crj3a=aa_",group.3um/jarosite_3.18um
8,splib06,4182,Pyrophyllite PSY1A <850um s06mm09c=aaa,group.2.8um/oh2.72um_ref_pyrophyllite
8,splib06,3354,Muscovite GDS113 Ruby s06fs00a=bbb,group.2.8um/oh2.75um_ref_muscovite_gds113
8,splib06,2448,Illite GDS4 (Marblehead) s06mm09c=bb_,group.2.8um/oh2.76um_ref_illite_gds4
8,splib06,5136,Tourmaline HS282.2B s06mm09c=ccc,group.2.8um/oh2.81um_ref_tourmaline
8,splib06,4848,Thenardite GDS146 s06mm09c=cc,group.2.8um/oh2.83um_ref_thenardite
8,splib06,4104,Psilomelane HS139.3B s06mm09c=bb,group.2.8um/oh2.82um_ref_psilomelane
10,sprlb06,456,BHVO-2F+4%_Benzene,group.3.5um_curve/organic_3.237d_aromatic-benzene_curvc
10,splib06,1272,Clinochlore_Fe SC-CCa-1.c s06crj3a=aa_,group.3.5um_curve/organic_trace_3.42um_aliphatic1_curvc
10,splib06,918,Calcite WS272 s06crj3a=aaa,group.3.5um_curve/carbonate_calcite_3.5um_curvc
10,splib06,1578,Dolomite HS102.3B s06crj3a=bbb,group.3.5um_curve/carbonate_dolomite_3.5um_curvc
10,splib06,2766,Knebelite HS419.3B s06crj3a=cbb,group.3.5um_curve/carbonate_trace_3.5um_curvc
10,splib06,690,Augite WS588 Pyroxene s06crj3a=cbb,group.3.5um_curve/carbonate_trace-b_3.4um.curv
10,splib06,462,Andradite GDS12 Garnet s06crj3a=cc_,group.3.5um_curve/carbonate_trace-c_3.4um.curvc
10,splib06,462,Andradite GDS12 Garnet s06crj3a=cc_,group.3.5um_curve/carbonate_trace-c2b_3.4um.curvc
10,splib06,3540,Nickeline HS264.3B s06crj3a=cd_,group.3.5um_curve/carbonate_trace-calcdolo_3.4um.curvc
10,splib06,5928,Magnesite+Hydroma HS47.3B s06crj3a=aa_,group.3.5um_curve/carbonate_magnesite+hydromagnesite_curvc
10,splib06,3552,Niter GDS43 (K-Saltpeter) s06crj3a=aa_,group.3.5um_curve/nitrate_niter_3.6um_curvc
10,sprlb06,942,Moon62231 25um+0.10co2ice10u r06crj3a=,group.3.5um_curve/co2_ice-on-moon62231.curvc
10,sprlb06,984,CO2_ice g0.0300cm Warren opc r06crj3a=,group.3.5um_curve/CO2_ice_g0.0300cm.curvc
10,sprlb06,990,CO2_ice g0.1000cm Warren opc r06crj3a=,group.3.5um_curve/CO2_ice_g0.1000cm.curvc
10,sprlb06,396,BHVO-2F+4%_1-Nonyne,group.3.5um_curve/organic.3.41um.nonyne_curvc
10,sprlb06,414,BHVO-2F+4%_1-Pentene,group.3.5um_curve/organic.3.37um.pentene_curvc
10,sprlb06,516,BHVO-2F+4%_Pyridine,group.3.5um_curve/organic.3.24um.pyridine_curvc
10,sprlb06,552,BHVO-2F+8%_Nitrobenzene,group.3.5um_curve/organic.3.25um.nitrobenzene_curvc
10,sprlb06,348,BHVO-2F+4%_Hydrogen Peroxide,group.3.5um_curve/hydrogen_peroxide.3.52um_curvc
11,sprlb06,456,BHVO-2F+4%_Benzene,group.3.5um/organic_3.237d_aromatic-benzene_linc
11,splib06,1272,Clinochlore_Fe SC-CCa-1.c s06crj3a=aa_,group.3.5um/organic_trace_aliphatic1_linc
11,splib06,918,Calcite WS272 s06crj3a=aaa,group.3.5um/carbonate_calcite_3.5um_linc
11,splib06,1578,Dolomite HS102.3B s06crj3a=bbb,group.3.5um/carbonate_dolomite_3.5um_linc
11,splib06,2766,Knebelite HS419.3B s06crj3a=cbb,group.3.5um/carbonate_trace_3.5um_linc
11,splib06,690,Augite WS588 Pyroxene s06crj3a=cbb,group.3.5um/carbonate_trace-b_3.4um_linc
11,splib06,462,Andradite GDS12 Garnet s06crj3a=cc_,group.3.5um/carbonate_trace-c_3.4um_linc
11,splib06,462,Andradite GDS12 Garnet s06crj3a=cc_,group.3.5um/carbonate_trace-c2b_3.4um.linc
11,splib06,3540,Nickeline HS264.3B s06crj3a=cd_,group.3.5um/carbonate_trace-calcdolo_3.4um_linc
11,splib06,5928,Magnesite+Hydroma HS47.3B s06crj3a=aa_,group.3.5um/carbonate_magnesite+hydromagnesite_linc
11,splib06,3552,Niter GDS43 (K-Saltpeter) s06crj3a=aa_,group.3.5um/nitrate_niter_3.6um_linc
11,sprlb06,942,Moon62231 25um+0.10co2ice10u r06crj3a=,group.3.5um/co2_ice-on-moon62231_linc
11,sprlb06,984,CO2_ice g0.0300cm Warren opc r06crj3a=,group.3.5um/CO2_ice_g0.0300cm_linc
11,sprlb06,990,CO2_ice g0.1000cm Warren opc r06crj3a=,group.3.5um/CO2_ice_g0.1000cm_linc
11,sprlb06,396,BHVO-2F+4%_1-Nonyne,group.3.5um/organic.3.41um.nonyne_linc
11,sprlb06,414,BHVO-2F+4%_1-Pentene,group.3.5um/organic.3.37um.pentene_linc
11,sprlb06,516,BHVO-2F+4%_Pyridine,group.3.5um/organic.3.24um.pyridine_linc
11,sprlb06,552,BHVO-2F+8%_Nitrobenzene,group.3.5um/organic.3.25um.nitrobenzene_linc
11,sprlb06,348,BHVO-2F+4%_Hydrogen Peroxide,group.3.5um/hydrogen_peroxide.3.52um_linc
13,splib06,3918,Phlogopite GDS20 fine fr s06crj3a=b,group.1.3-1.4um/oh_1.397_mica-phlogopite
13,splib06,4338,Richterite NMNH150800 HCl s06crj3a=b,group.1.3-1.4um/oh_1.383_amphibole-richterite
13,splib06,1146,Chrysotile HS323.1B s06crj3a=a,group.1.3-1.4um/oh_1.378_phyllo-ksg-chrysotile
13,splib06,1518,Dickite NMNH46967 s06crj3a=a,group.1.3-1.4um/oh_1.381_phyllo-ksg-dickite
13,splib06,1086,chlorite SMR-13.c 45-60um s06crj3a=a,group.1.3-1.4um/oh_1.388_phyllo-chlorite
13,splib06,3462,Nacrite GDS88 s06crj3a=c,group.1.3-1.4um/oh_1.385_phyllo-ksg-nacrite
13,splib06,1632,Endellite GDS16 s06crj3a=b,group.1.3-1.4um/oh_1.390_phyllo-ksg-endellite
13,splib06,5142,Tremolite HS18.3 s06crj3a=c,group.1.3-1.4um/oh_1.392_amphibole-tremolite
13,sprlb06,702,Saponite SapCa-1.AcB W1R1Hb,group.1.3-1.4um/oh_1.392_smectite-saponite
13,splib06,2904,Lizardite NMNHR4687.c 70 s06crj3a=a,group.1.3-1.4um/oh_1.392_phyllo-ksg-lizardite
13,splib06,4548,Serpentine HS8.3B s06crj3a=c,group.1.3-1.4um/oh_1.393_phyllo-serpentine
13,splib06,4800,Talc GDS23 74-250um fr s06crj3a=a,group.1.3-1.4um/oh_1.393_phyllo-talc
13,splib06,4182,Pyrophyllite PSY1A <850um s06mm09c=aaa,group.1.3-1.4um/oh_1.394_phyllo-pyrophyllite
13,splib06,630,Antigorite NMNH96917.c 120um s06crj3a=b,group.1.3-1.4um/oh_1.395_phyllo-ksg-antigorite
13,splib06,36,Actinolite HS116.3B s06crj3a=b,group.1.3-1.4um/oh_1.396_amphibole-actinolite
13,sprlb06,660,Clinochlore GDS158 Flagst W1R1Hb,group.1.3-1.4um/oh_1.398_phyllo-clinochlore
13,splib06,5202,Uralite HS345.3B s06crj3a=b,group.1.3-1.4um/oh_1.396_amphibole-uralite
13,splib06,4596,Smaragdite HS290.3B Amphibol s06crj3a=b,group.1.3-1.4um/oh_1.398_amphibole-smaragdit
13,sprlb06,594,Kaolinite KGa-1 (wxl) W1R1Hb,group.1.3-1.4um/oh_1.398-phyllo-kaolinite-wxl
13,sprlb06,780,Cookeite CAr-1.d 90-150um r06av18a=b,group.1.3-1.4um/oh_1.400_phyllo-chlorgrp-cookeite
13,splib06,2820,Lepidolite HS167.3B s06crj3a=b,group.1.3-1.4um/oh_1.401_mica-lepidolite
13,splib06,3816,Opal TM8896 (Hyalite) s06crj3a=a,group.1.3-1.4um/oh_1.406_silica-opal
13,splib06,3876,Paragonite GDS109 s06crj3a=a,group.1.3-1.4um/oh_1.408_mica-paragonite
13,splib06,2832,Lepidolite NMNH105538 s06crj3a=b,group.1.3-1.4um/oh_1.409_mica-lepidolite
13,splib06,5838,Kaol_Wxl+0.5Musc_Ruby AMX12 W1R1Ba,group.1.3-1.4um/oh_1.4106_kaolin.5+muscov.medhighAl
13,sprlb06,672,Kaolinite KGa-2 (pxl) W1R1Hb,group.1.3-1.4um/oh_1.413_phyllo-kaolinite-pxl
13,splib06,5226,Vermiculite GDS13 Llano s06crj3a=a,group.1.3-1.4um/oh_1.432_phyllo-vermiculite
14,splib06,3462,Nacrite GDS88 s06crj3a=c,group.1.4um/ohb_1.385_phyllo-nacrite
14,sprlb06,594,Kaolinite KGa-1 (wxl) W1R1Hb,group.1.4um/ohb_1.398_phyllo-kaolinite-wxl
14,sprlb06,780,Cookeite CAr-1.d 90-150um r06av18a=b,group.1.4um/ohb_1.400_phyllo-cookeite
14,splib06,4926,Topaz Cameron_Cone_#42 s06crj3a=b,group.1.4um/ohb_1.406_nesosil-topaz
14,splib06,3816,Opal TM8896 (Hyalite) s06crj3a=a,group.1.4um/ohb_1.406_tectosil-opal
14,splib06,3876,Paragonite GDS109 s06crj3a=a,group.1.4um/ohb_1.408_mica-paragonite
14,splib06,2832,Lepidolite NMNH105538 s06crj3a=b,group.1.4um/ohb_1.409_phyllo-lepidolite
14,splib06,4464,Sauconite GDS135 s06crj3a=b,group.1.4um/ohb_1.409_smectite-sauconite
14,splib06,1134,Chrysocolla HS297.3B s06crj3a=b,group.1.4um/ohb_1.410_phyllo-chrysocolla
14,sprlb06,684,Halloysite NMNH106237 W1R1Ha,group.1.4um/ohb_1.410_kaolgrp-halloysite
14,splib06,2976,Margarite GDS106 s06crj3a=c,group.1.4um/ohb_1.410_mica-margarite
14,splib06,5838,Kaol_Wxl+0.5Musc_Ruby AMX12 W1R1Ba,group.1.4um/ohb_1.4106_kaolin.5+muscov.medhighAl
14,sprlb06,654,Muscovite GDS113 Ruby >37um W1R1Hb,group.1.4um/ohb_1.410_mica-muscovite
14,sprlb06,588,Montmorillonite SWy-1 W1R1Hb,group.1.4um/ohb_1.411_smectite-montmor-swy
14,sprlb06,672,Kaolinite KGa-2 (pxl) W1R1Hb,group.1.4um/ohb_1.413_kaolgrp-kaolinite-pxl
14,splib06,2310,Hydrogrossular NMNH120555 s06crj3a=b,group.1.4um/ohb_1.413_nesosil-hydrogross
14,sprlb06,696,Hectorite SHCa-1.Ac-B W1R1Hb,group.1.4um/ohb_1.414_smectite-hectorite
14,sprlb06,690,Sepiolite SepNev-1.AcB W1R1Ha,group.1.4um/ohb_1.416_phyllo-sepiolite
14,splib06,4380,Roscoelite EN124 s06crj3a=b,group.1.4um/ohb_1.416_mica-roscoelite
14,splib06,2448,Illite IL101 (2M2) s06crj3a=b,group.1.4um/ohb_1.416_mica-illite
14,sprlb06,600,Montmorillonite SAz-1 W1R1Hb,group.1.4um/ohb_1.416_smectite-montmor-saz
14,splib06,3864,Palygorskite CM46a Attapulg s06crj3a=b,group.1.4um/ohb_1.417_phyllo-palygorsk
14,splib06,3336,Muscovite GDS111 Guatemal s06crj3a=a,group.1.4um/ohb_1.418_mica_muscovite
14,splib06,3282,Mordenite GDS18 s06crj3a=b,group.1.4um/ohb_1.418_zeolite_mordonite
14,splib06,4752,Stilbite HS482.3B Zeolite s06crj3a=b,group.1.4um/ohb_1.419_zeolite-stilbite
14,splib06,1278,Clinoptilolite GDS152 Zeolit s06crj3a=b,group.1.4um/ohb_1.419_zeolite-clinpt
14,splib06,2214,Heulandite GDS3 s06crj3a=a,group.1.4um/ohb_1.422_zeolite-heuland
14,splib06,3024,Meionite WS700.HLsp s06crj3a=b,group.1.4um/ohb_1.423_scapolute-meionite
14,splib06,3570,Nontronite NG-1.b <2um fr s06crj3a=b,group.1.4um/ohb_1.424_smectite-nontronite
14,splib06,3162,Mizzonite NMNH113775-1 Scap s06crj3a=b,group.1.4um/ohb_1.425_scapolite-mizzonite
14,splib06,306,Alunite HS295 s06crj3a=a,group.1.4um/ohb_1.425_sulfate-alunite
14,splib06,2796,Lazurite HS418.3B s06crj3a=b,group.1.4um/ohb_1.429_sodalite-lazurite
14,splib06,2784,Laumontite GDS5 Zeolite s06crj3a=b,group.1.4um/ohb_1.431_zeolite-laumontite
14,splib06,1626,Elbaite NMNH94217-1.c <74 s06crj3a=b,group.1.4um/ohb_1.431_cyclosil-elbaite
14,splib06,5136,Tourmaline HS282.2B s06mm09c=ccc,group.1.4um/ohb_1.435_tourmaline
14,splib06,228,Alunite AL706 Na__ s06crj3a=b`,group.1.4um/ohb_1.438_sulfate-alunite-na
14,splib06,414,Analcime GDS1 Zeolite s06crj3a=a,group.1.4um/ohb_1.424_zeolite-analcime
14,splib06,1710,Eugsterite GDS140 Syn s06crj3a=b,group.1.4um/ohb_1.436_sulfate-eugsterite
14,splib06,4482,Scolecite GDS7 Zeolite s06crj3a=b,group.1.4um/ohb_1.440_zeolite-scolecite
14,splib06,1998,Gypsum SU2202 s06crj3a=a,group.1.4um/ohb_1.447_sulfate-gypsum
14,splib06,4476,Schwertmannite BZ93-1 s06crj3a=b,group.1.4um/ohb_1.449_sulfate-schwertm
14,splib06,1374,Copiapite GDS21 s06crj3a=b,group.1.4um/ohb_1.450_sulfate-copiapite
14,splib06,5226,Vermiculite GDS13 Llano s06crj3a=a,group.1.4um/ohb_1.432_phyllo-vermiculite
14,splib06,3474,Natrolite HS169.3B Zeolite s06crj3a=b,group.1.4um/ohb_1.455_zeolite-natrolite
14,splib06,1812,Gibbsite HS423.3B s06crj3a=b,group.1.4um/ohb_1.451_hydroxide-gibbsite
15,splib06,1812,Gibbsite HS423.3B s06crj3a=b,group.1.5um/ohc_1.451_hydroxide-gibbsite
15,splib06,3474,Natrolite HS169.3B Zeolite s06crj3a=b,group.1.5um/ohc_1.455_zeolite-natrolite
15,splib06,798,Bloedite GDS147 s06crj3a=a,group.1.5um/ohc_1.464_sulfate-bloedite
15,splib06,2568,Jarosite GDS99 K 200C Syn s06crj3a=a,group.1.5um/ohc_1.469_sulfate-jarosite-k
15,splib06,2556,Jarosite GDS98 K 90C Syn s06crj3a=a,group.1.5um/ohc_1.471_sulfate-jarosite-k
15,splib06,1470,Datolite HS442.3B s06crj3a=b,group.1.5um/ohc_1.471_nesisil-datolite
15,splib06,2514,"Jarosite GDS100 Na,Sy 90C s06crj3a=a",group.1.5um/ohc_1.478_sulfate-jarosite-na90c
15,splib06,2526,"Jarosite GDS101 Na,Sy 200C s06crj3a=a",group.1.5um/ohc_1.479_sulfate-jarosite-na200c
15,splib06,4026,Prehnite GDS613.a <60um s06crj3a=aa_,group.1.5um/ohc_1.480_phyllo-prehnite
19,splib06,756,Beryl GDS9 <150um gs s06crj3a=bbb,group.1.9um/water_1.896_beryl
19,splib06,3822,Opal TM8896 (Hyalite) s06crj3a=aa_,group.1.9um/water_1.902_silica-opal
19,sprlb06,702,Saponite SapCa-1.AcB W1R1Hb,group.1.9um/water_1.903_smectite-saponite
19,sprlb06,588,Montmorillonite SWy-1 W1R1Hb,group.1.9um/water_1.906_montmor-na
19,splib06,3564,Nontronite NG-1.a s06crj3a=cd,group.1.9um/water_1.907_smectite-nontronite
19,sprlb06,228,Beidellite GDS123 r06crj3a=___,group.1.9um/water_1.908_smectite-beidell
19,sprlb06,726,Illite GDS4.2 Marblehead_WI W1R1H_,group.1.9um/water_1.908_phyllo-illite
19,sprlb06,600,Montmorillonite SAz-1 W1R1Hb,group.1.9um/water_1.909_mont-saz
19,splib06,5772,Halloysite CU91-242D,group.1.9um/water_1.910_halloysite
19,splib06,1284,Clinoptilolite GDS152 Zeol s06crj3a=bbb,group.1.9um/water_1.910_zeolite-clinopt
19,splib06,6072,Stonewall_Playa_Dry_Mud 2001,group.1.9um/water_1.910_stonwplaya
19,splib06,3288,Mordenite GDS18 s06crj3a=bb_,group.1.9um/water_1.910_zeolite-mordonite
19,splib06,420,Analcime GDS1 Zeolite =aaa,group.1.9um/water_1.912_zeolite-analcime
19,splib06,4590,Sillimanite HS186.3B =cc_,group.1.9um/water_1.916_nesosil-sillim
19,splib06,2226,Heulandite NMNH84534 s06crj3a=a,group.1.9um/water_1.917_zeolite-heuland
19,splib06,744,Bassanite GDS145 (syn) s06crj3a=aa_,group.1.9um/water_1.920_sulfate-bassanite
19,sprlb06,96,Perchlorate_Mg GDS851.2 220K,group.1.9um/water_1.918_perchlorate-mg
19,splib06,1020,Chert ANP90-6D (White) =?,group.1.9um/water_1.923_chert
19,sprlb06,144,Perchlorate_Na GDS857 230C =_,group.1.9um/water_1.924_perchlorate-na
19,splib06,7020,Aspen Aspen-1 Green-Top,group.1.9um/water_broad_1.927_veg
19,splib06,1704,Epsomite GDS149 =cc_,group.1.9um/water_1.929_sulfate-epsomite
19,splib06,7092,Cheatgrass ANP92-11A,group.1.9um/water_1.931_narrow-cheatgrass
19,splib06,1716,Eugsterite GDS140 Syn s06crj3a=bb_,group.1.9um/water_1.932_sulfate-eusgterite
19,splib06,3480,Natrolite HS169.3B Zeolite s06crj3a=bbb,group.1.9um/water_1.940_zeolite-natrolite
19,splib06,3474,Natrolite HS169.3B Zeolite s06crj3a=b,group.1.9um/water_1.941_zeolite-natrolite
19,splib06,4488,Scolecite GDS7 Zeolite s06crj3a=bb_,group.1.9um/water_1.941_zeolite-scolecite
19,splib06,4476,Schwertmannite BZ93-1 s06crj3a=b,group.1.9um/water_1.942_sulfate-schwert
19,sprlb06,618,Gypsum HS333.3B (Selenite) W1R1Ha,group.1.9um/water_1.943_sulfate-gypsum
19,splib06,6396,Brick GDS347 Paving Tan s06crj3a=a,group.1.9um/water_1.943_brick
19,splib06,4002,Polyhalite NMNH92669-4 s06crj3a=aa_,group.1.9um/water_1.944_sulfate-polyhalite
19,splib06,1380,Copiapite GDS21 s06crj3a=bc_,group.1.9um/water_1.946_sulfate-copiapite
19,splib06,804,Bloedite GDS147 s06crj3a=aa_,group.1.9um/water_1.951_sulfate-bloedite
19,splib06,858,Butlerite GDS25 s06crj3a=a,group.1.9um/water_1.960_sulfate-butler
19,sprlb06,186,FeSO4*7H20 GDS873 SynChemReg r06crj3a=Fe,group.1.9um/water_1.964_sulfate-feso4
19,splib06,2634,Kainite NMNH83904 s06crj3a=aa_,group.1.9um/water_1.971_sulfate-kainite
19,splib06,948,Carnallite NMNH98011 s06crj3a=bb_,group.1.9um/water_1.980_salt-carnallite
19,splib06,1386,Coquimbite GDS22 s06crj3a=c,group.1.9um/water_1.981_sulfate-coquimb
19,splib06,4794,Syngenite GDS139 s06crj3a=aa_,group.1.9um/water_1.991_sulfate-syngite
19,splib06,3270,H2O-Ice GDS136 77K,group.1.9um/h20_ice_2.02um-77k-a
19,sprlb06,66,Kieserite Batch4 GDS671,group.1.9um/water_2.073_sulfate-kieserite
19,sprlb06,192,Szomolnokite GDS874 Heat275C r06crj3a=,group.1.9um/water_2.060_sulfate_szomoln
19,splib06,150,Szomolnokite NMNH104303 UT r06crj3a=,group.1.9um/water_2.093_sulfate_szomoln
19,splib06,852,Buddingtonite NHB2301 s06crj3a=b,group.1.9um/water_2.122_nh4-buddingt
19,splib06,2754,Kieserite KIEDE1.a crse gr s06crj3a=cc_,group.1.9um/water_2.130_sulfate_kieserite
19,splib06,3018,Mascagnite GDS65.b (fr) s06crj3a=aa_,group.1.9um/water_2.136_nh4-mascagnite
20,splib06,3498,Neodymium_Oxide GDS34 W1R1Ba,group.ree/ree_nd_neodymium_oxide
20,splib06,3498,Neodymium_Oxide GDS34 W1R1Ba,group.ree/ree_nd_neodymium_oxide-0.6um
20,sprlb06,1044,Ancylite_REE WS321 Darby MT W1R1Fc AREF,group.ree/ree_nd_ancylite
20,sprlb06,1050,Bastnaesite_REE WS320 crystl W1R1Fb AREF,group.ree/ree_nd_bastnaesite
20,sprlb06,1056,Chlorapatite_REE WS422 xtl W1R1Fa AREF,group.ree/ree_nd_chlorapatite
20,sprlb06,1062,Fluorapatite_REE WS418 xtl W1R1Fc AREF,group.ree/ree_nd_fluorapatite
20,sprlb06,1068,Monazite_REE GDS947 Calif W1R1Fb AREF,group.ree/ree_nd_monazite_gds947
20,sprlb06,1074,Monazite_REE GDS957 New Mex W1R1Fb AREF,group.ree/ree_nd_monazite_gds957
20,sprlb06,1080,Parisite_REE WS319 crystal W1R1Fa AREF,group.ree/ree_nd_parisite
20,sprlb06,1086,Pyromorphite_REE WS427 xtl W1R1Fa AREF,group.ree/ree_nd_pyromorphite
20,sprlb06,1092,Xenotime GDS966 Iveland REE W1R1Fa AREF,group.ree/ree_nd_xenotime
20,sprlb06,1098,Xenotime+Monazite_REE WS384 W1R1Fa AREF,group.ree/ree_nd_xenotime+monazite
20,splib06,4410,Samarium_Oxide GDS36 W1R1Ba,group.ree/ree_samarium_oxide
21,splib06,3498,Neodymium_Oxide GDS34 W1R1Ba,group.ree_g21/ree_nd_neodymium_oxide_g21
21,sprlb06,1044,Ancylite_REE WS321 Darby MT W1R1Fc AREF,group.ree_g21/ree_nd_ancylite_g21
21,sprlb06,1050,Bastnaesite_REE WS320 crystl W1R1Fb AREF,group.ree_g21/ree_nd_bastnaesite_g21
21,sprlb06,1056,Chlorapatite_REE WS422 xtl W1R1Fa AREF,group.ree_g21/ree_nd_chlorapatite_g21
21,sprlb06,1062,Fluorapatite_REE WS418 xtl W1R1Fc AREF,group.ree_g21/ree_nd_fluorapatite_g21
21,sprlb06,1068,Monazite_REE GDS947 Calif W1R1Fb AREF,group.ree_g21/ree_nd_monazite_gds947_g21
21,sprlb06,1074,Monazite_REE GDS957 New Mex W1R1Fb AREF,group.ree_g21/ree_nd_monazite_gds957_g21
21,sprlb06,1080,Parisite_REE WS319 crystal W1R1Fa AREF,group.ree_g21/ree_nd_parisite_g21
21,sprlb06,1086,Pyromorphite_REE WS427 xtl W1R1Fa AREF,group.ree_g21/ree_nd_pyromorphite_g21
21,sprlb06,1092,Xenotime GDS966 Iveland REE W1R1Fa AREF,group.ree_g21/ree_nd_xenotime_g21
21,sprlb06,1098,Xenotime+Monazite_REE WS384 W1R1Fa AREF,group.ree_g21/ree_nd_xenotime+monazite_g21
21,splib06,4410,Samarium_Oxide GDS36 W1R1Ba,group.ree_g21/ree_samarium_oxide_g21
22,splib06,4410,Samarium_Oxide GDS36 W1R1Ba,group.ree_samar/samarium_oxide1
24,splib06,918,Calcite WS272 s06crj3a=aaa,group.4um/carbonate_calcite_4um_linc
24,splib06,1578,Dolomite HS102.3B s06crj3a=bbb,group.4um/carbonate_dolomite_4um_linc
24,splib06,2766,Knebelite HS419.3B s06crj3a=cbb,group.4um/carbonate_trace_4um_linc
24,splib06,690,Augite WS588 Pyroxene s06crj3a=cbb,group.4um/carbonate_trace-b_4um_linc
24,splib06,462,Andradite GDS12 Garnet s06crj3a=cc_,group.4um/carbonate_trace-c_4um_linc
24,splib06,3540,Nickeline HS264.3B s06crj3a=cd_,group.4um/carbonate_trace-calcdolo_4um_linc
24,splib06,5928,Magnesite+Hydroma HS47.3B s06crj3a=aa_,group.4um/carbonate_magnesite+hydromagnesite_4umlinc
24,splib06,3552,Niter GDS43 (K-Saltpeter) s06crj3a=aa_,group.4um/nitrate_niter_4.1um_linc
26,splib06,756,Beryl GDS9 <150um gs,group.4.25um-co2/trapped-co2-4.24um_ref-beryl
26,splib06,1398,Cordierite HS346.3B,group.4.25um-co2/trapped-co2-4.26um_ref-cordierite
26,splib06,2328,Hydroxyl-Apatite WS425,group.4.25um-co2/trapped-co2-4.265um_ref-apatite
26,splib06,3084,Microcline HS151.3B,group.4.25um-co2/trapped-co2-4.268um_ref-microcline
26,splib06,3912,Perthite HS415.3B,group.4.25um-co2/trapped-co2-4.272um_ref-perthite
26,splib06,4392,Rutile HS126.3B,group.4.25um-co2/trapped-co2-4.269um_ref-apatite
26,splib06,4956,Hydroxyl-Apatite WS425,group.4.25um-co2/trapped-co2-4.31um_ref-topaz
26,splib06,4590,Sillimanite HS186.3B,group.4.25um-co2/trapped-co2-4.34um_ref-sillimanite
27,splib06,90,Adularia GDS57 Orthoclase s06ag21a=bbb,group.4.5um/feldspar_adularia-4.5um
27,splib06,240,Alunite GDS82 Na82 s06ag21a=bc_,group.4.5um/sulfate_alunite-na82-4.5um
27,splib06,264,Alunite GDS83 Na63 s06ag21a=bb_,group.4.5um/sulfate_alunite-na83-4.5um
27,splib06,282,Alunite GDS84 Na03 s06ag21a=aa_,group.4.5um/sulfate_alunite-na03-4.5um
27,splib06,5442,Alunite_NH4+Ja NMNH145596A s06ag21a=bb_,group.4.5um/sulfate_alunite--nh4-j-4.5um
27,splib06,342,Alunite RES-9 Summitv (400C) s06ag21a=b,group.4.5um/sulfate_alunite-400c-4.5um
27,splib06,348,Alunite RES10 NA56% Syn 450C,group.4.5um/sulfate_alunite-na56-4.5um
27,splib06,528,Anhydrite GDS42 Garnet s06ag21a=aa_,group.4.5um/sulfate_anhydrite-4.5um
27,splib06,732,Barite HS79.3B s06ag21a=bb_,group.4.5um/sulfate_barite-4.5um
27,splib06,744,Bassanite GDS145 (syn) s06ag21a=aa_,group.4.5um/sulfate_bassanite-4.5um
27,splib06,5484,Beidellite+Montmor GDS124 s06ag21a=bbb,group.4.5um/phyllosilicate_beidellite+montmor-4.5um
27,splib06,804,Bloedite GDS147 s06ag21a=aa_,group.4.5um/sulfate_bloedite-4.5um
27,splib06,864,Butlerite GDS25 s06ag21a=aaa,group.4.5um/sulfate_butlerite-4.5um
27,splib06,918,Calcite WS272 s06ag21a=aaa,group.4.5um/carbonate_calcite-4.67um
27,splib06,972,Celestite HS251.3B Barite s06ag21a=bbb,group.4.5um/sulfate_celestite-4.5um
27,splib06,5592,Chabazt+Thom+Wair HS193.3B s06ag21a=bb_,group.4.5um/zeolite_chabazitemix-4.5um
27,splib06,6522,Cyanide_Cadmium_Potassium s06ag21a=a,group.4.5um/cyanide_cyanide-cap-4.5um
27,splib06,6528,Cyanide_Nickel_Potassium s06ag21a=a,group.4.5um/cyanide_cyanide-nik-4.5um
27,splib06,6546,Cyanide_Zinc_Potassium s06ag21a=a,group.4.5um/cyanide_cyanide-znk-4.5um
27,splib06,1578,Dolomite HS102.3B s06ag21a=bbb,group.4.5um/carbonate_dolomite-4.63um
27,splib06,1608,Elbaite NMNH94217-1.a 659 s06ag21a=bbb,group.4.5um/silicate_elbaite-4.5um
27,splib06,1704,Epsomite GDS149 s06ag21a=cc_,group.4.5um/sulfate_epsomite-4.5um
27,splib06,5718,Erionite+Offretite GDS72 s06ag21a=bb_,group.4.5um/zeolite_erionitemix-4.5um
27,splib06,1716,Eugsterite GDS140 Syn s06ag21a=bb_,group.4.5um/sulfate_eugsterite-4.5um
27,splib06,1992,Gypsum HS333.3B (Selenite) s06ag21a=aaa,group.4.5um/sulfate_gypsum-4.5um
27,splib06,2118,Hematite GDS69.a 150-250u s06ag21a=bbb,group.4.5um/fe3+_hematite_a-4.5um
27,splib06,2142,Hematite GDS69.c 60-104um s06ag21a=bb_,group.4.5um/fe3+_hematite_c-4.5um
27,splib06,2220,Heulandite GDS3 s06ag21a=aa_,group.4.5um/zeolite_heulandite-4.5um
27,splib06,2634,Kainite NMNH83904 s06ag21a=aa_,group.4.5um/sulfate_kainite-4.5um
27,splib06,2754,Kieserite KIEDE1.a crse gr s06ag21a=cc_,group.4.5um/sulfate_kieserite-4.5um
27,splib06,2790,Laumontite GDS5 Zeolite s06ag21a=bb_,group.4.5um/zeolite_laumontite-4.5um
27,splib06,2868,Lepidolite NMNH88526-1 s06ag21a=aa_,group.4.5um/phyllosilicate_lepidolite-4.5um
27,splib06,5928,Magnesite+Hydroma HS47.3B s06ag21a=aa_,group.4.5um/carbonate_magnesite-4.59um
27,splib06,5946,Mesolite+Hydroxyapop GDS6 s06ag21a=bc_,group.4.5um/zeolite_mesolite-4.5um
27,splib06,3120,Mirabilite GDS150 Na2SO4 s06ag21a=aa_,group.4.5um/sulfate_mirabilite-4.5um
27,splib06,3492,Natrolite NMNH83380 Zeolit s06ag21a=bb_,group.4.5um/zeolite_natrolite-4.5um-nmnh
27,splib06,6024,Natrolite+Zeolite HS168.3B s06ag21a=bbb,group.4.5um/zeolite_natrolite-4.5um-hs168
27,splib06,4002,Polyhalite NMNH92669-4 s06ag21a=aa_,group.4.5um/sulfate_polyhalite-4.5um
27,splib06,4296,Rhodochrosite HS67 <250um s06ag21a=bb_,group.4.5um/carbonate_rhodochrosite-4.69um
27,splib06,4428,Sanidine GDS19 Feldspar s06ag21a=aaa,group.4.5um/feldspar_sanidine-4.5um
27,splib06,4488,Scolecite GDS7 Zeolite s06ag21a=bb_,group.4.5um/zeolite_scolecite-4.5um
27,splib06,4500,Sepiolite SepNev-1 s06ag21a=bb_,group.4.5um/phyllosilicate_sepiolite-4.5um
27,splib06,4566,Siderite HS271.3B s06ag21a=aa_,group.4.5um/carbonate_siderite-4.65um
27,splib06,4770,Strontianite HS272.3B s06ag21a=bb_,group.4.5um/carbonate_strontianite-4.70um
27,splib06,4794,Syngenite GDS139 s06ag21a=aa_,group.4.5um/sulfate_syngenite-4.5um
27,splib06,4848,Thenardite GDS146 s06ag21a=cc?,group.4.5um/sulfate_thenardite-4.5um
27,splib06,5274,Witherite HS273.3B s06ag21a=aa_,group.4.5um/carbonate_witherite-4.74um
37,sprlb06,1008,CO2+O2+CH4 TRANSM ModtranZ20 r06crj3a=,group.ch4gas-2.3um/methane-gas-2.37um_g37-experimental
38,sprlb06,1008,CO2+O2+CH4 TRANSM ModtranZ20 r06crj3a=,group.co2gas-2um/co2-gas-2um_g38-experimental
